Pressure,Temperature,Density - CoolProp,Thermal Conductivity - CoolProp,Dynamic Viscosity - CoolProp,Density - GasPak,Thermal Conductivity - GasPak,Dynamic Viscosity - GasPak
20000000.0,50,66.71154378936004,0.15005647180483306,5.446711373896032e-06,66.623111573763254,0.14841961963989211,8.9772183526447546e-06
20000000.0,51,66.0319994263585,0.14842530284131236,5.464751428062878e-06,65.942146915128745,0.14776970758987651,8.8296308890848836e-06
20000000.0,52,65.35307929630257,0.14683588490182575,5.48221309403563e-06,65.26210469411572,0.14710277745455405,8.6912510339617981e-06
20000000.0,53,64.67526432686239,0.14526411026509517,5.499045013625647e-06,64.583498291636246,0.14642367626991673,8.5613969204205795e-06
20000000.0,54,63.99903446643332,0.1437176600951885,5.515210258141237e-06,63.906805016493699,0.14573691171407929,8.4394461650756304e-06
20000000.0,55,63.32486632021228,0.14220342442053938,5.530684927583638e-06,63.232495654386504,0.14504673779765587,8.3248346270565681e-06
20000000.0,56,62.65323068640383,0.140727521485827,5.54545681141965e-06,62.561032196439015,0.14435714780845382,8.217049897933063e-06
20000000.0,57,61.98459005604708,0.1392953222240217,5.559524103110737e-06,61.892865609972638,0.1436718699752825,8.1156256080851484e-06
20000000.0,58,61.319396139657606,0.13791147939429446,5.572894165008175e-06,61.228433699159297,0.14299436559219886,8.0201364381754442e-06
20000000.0,59,60.6580874809806,0.13657996084868712,5.585582343592539e-06,60.568159099374853,0.14232782935999275,7.9301937412426656e-06
20000000.0,60,60.00108721285849,0.13530408631950464,5.59761083742364e-06,59.912447443091637,0.14167519172732332,7.8454416947849718e-06
20000000.0,61,59.348801002907855,0.13408656706522296,5.609007621666701e-06,59.261685727732576,0.14103912300519433,7.7655539136825398e-06
20000000.0,62,58.701615227954775,0.13292954767910523,5.619805433781875e-06,58.616240907719686,0.14042203906498252,7.6902304643914648e-06
20000000.0,63,58.059895405734316,0.13183464935057454,5.630040825001034e-06,57.976458724606495,0.13982610841664223,7.619195228930956e-06
20000000.0,64,57.42398490449504,0.1308030138881861,5.639753281823282e-06,57.342626934456788,0.1392531619239108,7.5521888802146422e-06
20000000.0,65,56.79420393682773,0.12983534782872536,5.6489844207539875e-06,56.715116267454562,0.13870509224558353,7.4889854656946127e-06
20000000.0,66,56.170848840040094,0.12893196602582763,5.65777725856764e-06,56.094170208113162,0.13818328492632151,7.4293628071972933e-06
20000000.0,67,55.5541916333584,0.12809283416200942,5.666175558990095e-06,55.480042813396309,0.13768901079131091,7.3731192452977516e-06
20000000.0,68,54.944479837155924,0.12731760970949887,5.674223255467809e-06,54.872964622128457,0.13722334271185829,7.3200676304695181e-06
20000000.0,69,54.341936533736465,0.12660568094543434,5.681963948452666e-06,54.273142822831403,0.13678716703614788,7.2700340291189755e-06
20000000.0,70,53.74676064543509,0.125956203710824,5.689440474528236e-06,53.680761589282071,0.13638119517548636,7.2228565665444272e-06
20000000.0,71,53.15912740348132,0.12536813568500643,5.696694543768542e-06,53.095982563081378,0.13600597520504792,7.178384390212153e-06
20000000.0,72,52.57918898006432,0.12484026802525805,5.7037664409786065e-06,52.518970484459068,0.13566196805122457,7.1364795750654311e-06
20000000.0,73,52.007075256153946,0.12437125429233056,5.710694785924502e-06,51.949784238630841,0.13534927502072946,7.0970038297863966e-06
20000000.0,74,51.442894698644686,0.12395963664552247,5.7175163473135055e-06,51.388560183835125,0.13506812182159675,7.0598385288971228e-06
20000000.0,75,50.88673532208276,0.12360386934450525,5.724265905116141e-06,50.835375520050604,0.13481851231029013,7.0248683139717179e-06
20000000.0,76,50.338665712391474,0.1233023396392553,5.730976155808496e-06,50.290289361168554,0.13460034333999729,6.991985093092215e-06
20000000.0,77,49.798736092438475,0.12305338616428249,5.7376776552294384e-06,49.75334351400884,0.13441341414008529,6.9610874576242267e-06
20000000.0,78,49.26697941182972,0.1228553149794841,5.74439879396578e-06,49.224563353858407,0.13425743543456323,6.932080160096179e-06
20000000.0,79,48.743412445709694,0.12270641341789756,5.751165800467153e-06,48.703958760515363,0.13413203820615341,6.9048736442376625e-06
20000000.0,80,48.22803689055497,0.12260496191373758,5.758002767476425e-06,48.191525088682774,0.13403678205135774,6.8793836201637179e-06
20000000.0,81,47.72084044506533,0.1225492439847601,5.764931697641897e-06,47.687244153466501,0.13397116309444912,6.8555306790702045e-06
20000000.0,82,47.2217978694271,0.12253755455073058,5.7719725647166025e-06,47.191085216594338,0.1339346214402973,6.83323994281576e-06
20000000.0,83,46.7308720151481,0.12256820675999923,5.7791433870112005e-06,46.703005962437409,0.13392654815763722,6.8124407445049966e-06
20000000.0,84,46.24801482076143,0.12263953749346568,5.786460310222029e-06,46.222953455426151,0.13394629179908477,6.793066336769876e-06
20000000.0,85,45.77316826952401,0.12274991170565598,5.793937697098807e-06,45.750865072324224,0.13399316446936879,6.7750536248800266e-06
20000000.0,86,45.3062653063948,0.12289772575279521,5.80158822176127e-06,45.286669404257168,0.13406644743701296,6.758342922178512e-06
20000000.0,87,44.84723071248277,0.12308140984683173,5.809422966789867e-06,44.830287124531438,0.13416539632779659,6.7428777256365459e-06
20000000.0,88,44.39598193589301,0.12329942976293959,5.8174515215036505e-06,44.381631819209268,0.13428924590259653,6.7286045095615468e-06
20000000.0,89,43.95242987849839,0.12355028791650163,5.825682080098761e-06,43.940610778188031,0.13443721443366194,6.715472535719227e-06
20000000.0,90,43.516479638641584,0.12383252391417948,5.834121538553887e-06,43.507125745203957,0.13460850771530028,6.7034336783044063e-06
20000000.0,91,43.088031210154746,0.12414471467268437,5.8427755894160605e-06,43.08107362576407,0.13480232271609538,6.6924422623682584e-06
20000000.0,92,42.66698013838353,0.12448547418836792,5.851648813762686e-06,42.662347152521448,0.1350178508955327,6.6824549144504323e-06
20000000.0,93,42.25321813414054,0.12485345303089039,5.860744769795715e-06,42.250835508056596,0.13525428120687449,6.6734304242944801e-06
20000000.0,94,41.84663364669627,0.12524733762504436,5.87006607766299e-06,41.846424905417535,0.13551080280404126,6.6653296166425069e-06
20000000.0,95,41.447112397060266,0.1256658493763308,5.879614500221964e-06,41.448999127108607,0.13578660747505233,6.6581152322068192e-06
20000000.0,96,41.05453787291531,0.12610774368814176,5.889391019563976e-06,41.058440023504261,0.13608089182095112,6.6517518170102309e-06
20000000.0,97,40.66879178664973,0.1265718089113413,5.899395909204399e-06,40.674627971904648,0.13639285919117372,6.6462056193702925e-06
20000000.0,98,40.28975449799525,0.12705686526067617,5.909628801917181e-06,40.297442297645816,0.13672172140275776,6.6414444938721237e-06
20000000.0,99,39.91730540282069,0.12756176372671485,5.920088753252501e-06,39.926761658832639,0.13706670025763926,6.6374378117496134e-06
20000000.0,100,39.55132328965863,0.1280853850069018,3.7759874235860343e-06,39.562464396380435,0.13742702887027475,6.6341563771463813e-06
20000000.0,101,39.19168666555846,0.1286266384747577,3.8096782627967915e-06,39.204428851135162,0.13780195282337665,6.6315723487833033e-06
20000000.0,102,38.83827405286012,0.12918446120223204,3.84323146645135e-06,38.852533649894973,0.13819073116721686,6.629659166606366e-06
20000000.0,103,38.490964258477696,0.12975781704665756,3.8766481215526405e-06,38.506657962182537,0.13859263727592527,6.6283914830311832e-06
20000000.0,104,38.149636617264804,0.1303456958106468,3.90992934541256e-06,38.16668172961942,0.13900695957307047,6.6277450984358205e-06
20000000.0,105,37.81417121100988,0.13094711248055593,3.943076282108234e-06,37.832485869737255,0.1394330021343155,6.6276969005868527e-06
20000000.0,106,37.48444906457926,0.13156110654678627,3.976090099136968e-06,37.503952456024884,0.13987008518646385,6.6282248077144954e-06
20000000.0,107,37.160352320687366,0.13218674140716338,4.0089719842632994e-06,37.180964875963227,0.14031754550703374,6.6293077149772905e-06
20000000.0,108,36.84176439473198,0.13282310385290735,4.041723142551343e-06,36.863407968739146,0.14077473673625057,6.6309254440783242e-06
20000000.0,109,36.52857011108459,0.1334693036352258,4.074344793575762e-06,36.551168144262327,0.1412410296055798,6.6330586958201429e-06
20000000.0,110,36.22065582217541,0.13412447310934705,4.1068381688045015e-06,36.244133485033579,0.14171581210423534,6.6356890053984541e-06
20000000.0,111,35.91790951165814,0.1347877669517827,4.139204509146616e-06,35.942193832334794,0.14219848956838543,6.6387987002554387e-06
20000000.0,112,35.62022088288367,0.1354583619457896,4.1714450626584315e-06,35.645240858128339,0.14268848472771223,6.6423708603250539e-06
20000000.0,113,35.32748143385374,0.13613545682935882,4.203561082401463e-06,35.353168123971223,0.14318523769030816,6.6463892805173648e-06
20000000.0,114,35.03958451976634,0.13681827219955295,4.235553824445509e-06,35.065871128165497,0.14368820588805065,6.650838435301673e-06
20000000.0,115,34.75642540420557,0.13750605046666928,4.267424546010526e-06,34.783212095724622,0.1441967935269208,6.6557005697544441e-06
20000000.0,116,34.477901299968785,0.13819805585147754,4.299174503740967e-06,34.505166490184216,0.14471064449861643,6.6609676275382105e-06
20000000.0,117,34.2039114004652,0.13889357441865352,4.330804952106404e-06,34.231594183328838,0.14522918397801315,6.6666225210381509e-06
20000000.0,118,33.934356902562044,0.13959191413952804,4.362317141922427e-06,33.962398836567196,0.14575193769951222,6.6726521386670379e-06
20000000.0,119,33.669141021697634,0.1402924049773317,4.3937123189859345e-06,33.697486121001958,0.14627844787601624,6.6790438964215572e-06
20000000.0,120,33.40816900002571,0.1409943989882692,4.424991722819118e-06,33.436763719207981,0.14680827297948523,6.6857857129726296e-06
20000000.0,121,33.15134810830198,0.1416972704319791,4.4561565855166056e-06,33.180141320949431,0.14734098749551414,6.6928659860467935e-06
20000000.0,122,32.89858764217263,0.14240041588521002,4.487208130690382e-06,32.927530613600673,0.14787618166237976,6.7002735700329924e-06
20000000.0,123,32.649798913475244,0.14310325435287502,4.518147572507309e-06,32.678845267957762,0.14841346120206392,6.7079977547439119e-06
20000000.0,124,32.40489523711625,0.143805227371024,4.548976114814227e-06,32.434000920055382,0.14895244703575769,6.7160282452762145e-06
20000000.0,125,32.16379191404362,0.14450579909667124,4.579694950345803e-06,32.192915149541172,0.14949277499078903,6.7243551429100569e-06
20000000.0,126,31.92640621079279,0.14520445637986967,4.610305260010454e-06,31.955507455100889,0.15003409550205191,6.7329689269879791e-06
20000000.0,127,31.692657336042394,0.1459007088138644,4.640808212249897e-06,31.72169922737665,0.15057607330493697,6.7418604377254119e-06
20000000.0,128,31.46246641458076,0.1465940887596471,4.671204962467998e-06,31.491413719772634,0.15111838712712516,6.7510208598988279e-06
20000000.0,129,31.23575645904783,0.14728415134170048,4.701496652524795e-06,31.264576017501113,0.15166072937387837,6.76044170736678e-06
20000000.0,130,31.012452339785145,0.14797047441222666,4.731684410291743e-06,31.04111300518279,0.15220280581495138,6.7701148083744353e-06
20000000.0,131,30.79248075309598,0.14865265848161324,4.761769349264403e-06,30.820953333281341,0.15274433526917378,6.7800322916042291e-06
20000000.0,132,30.575770188188905,0.14933032661339465,4.791752568228936e-06,30.604027383620565,0.15328504928831466,6.7901865729301919e-06
20000000.0,133,30.36225089305268,0.1500031242824022,4.82163515097897e-06,30.390267234204991,0.15382469184187431,6.8005703428322293e-06
20000000.0,134,30.15185483948485,0.15067071919527195,4.851418166079492e-06,30.179606623538778,0.154363019005195,6.8111765544464257e-06
20000000.0,135,29.94451568747527,0.1513328010728926,4.8811026666746955e-06,29.971980914615749,0.15489979864706663,6.8219984122039044e-06
20000000.0,136,29.740168749123775,0.15198908139478323,4.910689690336713e-06,29.76732705873221,0.15543481012404184,6.8330293610364374e-06
20000000.0,137,29.538750952253306,0.15263929310578767,4.940180258952424e-06,29.565583559256286,0.15596784397023397,6.8442630761127343e-06
20000000.0,138,29.340200803861656,0.15328319028580523,4.969575378645628e-06,29.36669043547046,0.15649870159782378,6.8556934530768658e-06
20000000.0,139,29.144458353539033,0.1539205477836209,4.998876039732008e-06,29.170589186589574,0.15702719499997525,6.8673145987665886e-06
20000000.0,140,28.95146515696446,0.15455116081618137,5.028083216704428e-06,28.977222756042739,0.15755314645417645,6.8791208223790958e-06
20000000.0,141,28.76116423958014,0.1551748445349334,5.05719786824628e-06,28.786535496095969,0.15807638823426914,6.8911066270662485e-06
20000000.0,142,28.573500060531114,0.15579143356106698,5.086220937270672e-06,28.598473132881381,0.15859676232182993,6.9032667019324654e-06
20000000.0,143,28.38841847694626,0.15640078149170572,5.115153350983389e-06,28.412982731889393,0.15911412012926909,6.915595914414574e-06
20000000.0,144,28.205866708626758,0.15700276037925753,5.143996020967688e-06,28.230012663971557,0.15962832222170747,6.9280893030269226e-06
20000000.0,145,28.02579330319906,0.1575972601862689,5.172749843289016e-06,28.049512571894279,0.16013923804671554,6.9407420704454053e-06
20000000.0,146,27.848148101781096,0.1581841882182336,5.201415698618002e-06,27.87143333747651,0.16064674566573239,6.9535495769203604e-06
20000000.0,147,27.67288220520302,0.15876346853688786,5.229994452369989e-06,27.695727049338821,0.16115073149639741,6.9665073339964067e-06
20000000.0,148,27.499947940817215,0.15933504135656099,5.25848695485961e-06,27.522346971285479,0.16165109005509204,6.9796109985227044e-06
20000000.0,149,27.329298829926174,0.15989886242618268,5.286894041468922e-06,27.351247511336602,0.16214772370626654,6.9928563669427128e-06
20000000.0,150,27.1608895558514,0.16045490239954602,5.315216532827752e-06,27.182384191423274,0.16264054241591272,7.0062393698443706e-06
20000000.0,151,26.9946759326618,0.1610031461963902,5.343455235004948e-06,27.015713617754432,0.16312946351338592,7.0197560667608107e-06
20000000.0,152,26.830614874575723,0.1615435923568353,5.371610939709319e-06,26.851193451861427,0.16361441145395914,7.0334026412061229e-06
20000000.0,153,26.668664366046656,0.16207625239162796,5.399684424499184e-06,26.688782382323055,0.16409531758980211,7.0471753959361229e-06
20000000.0,154,26.508783432539595,0.16260115013058482,5.427676452999397e-06,26.528440097171291,0.16457211994443663,7.0610707484213737e-06
20000000.0,155,26.35093211200174,0.16311832107151164,5.455587775124915e-06,26.370127256975795,0.16504476299140888,7.0750852265214519e-06
20000000.0,156,26.195071427028708,0.1636278117317961,5.483419127309962e-06,26.213805468603404,0.16551319744365384,7.0892154643539844e-06
20000000.0,157,26.041163357724926,0.16412967900472375,5.511171232741912e-06,26.059437259646948,0.16597738003671392,7.1034581983422683e-06
20000000.0,158,25.889170815254932,0.16462398952246643,5.5388448015991255e-06,25.906986053516526,0.16643727332941119,7.1178102634376089e-06
20000000.0,159,25.739057616080448,0.16511081902755034,5.5664405312919455e-06,25.756416145184847,0.16689284550051708,7.1322685895065475e-06
20000000.0,160,25.590788456876545,0.16559025175447276,5.5939591067061864e-06,25.607692677577578,0.16734407015264288,7.1468301978742863e-06
20000000.0,161,25.444328890118953,0.16606237982300426,5.621401200448453e-06,25.460781618598347,0.16779092612349886,7.1614921980163145e-06
20000000.0,162,25.299645300333008,0.16652730264457036,5.648767473092726e-06,25.315649738777562,0.16823339730032655,7.176251784391407e-06
20000000.0,163,25.156704880994493,0.16698512634295895,5.676058573427589e-06,25.172264589533597,0.16867147243255542,7.1911062334096265e-06
20000000.0,164,25.01547561207106,0.16743596319046938,5.703275138703684e-06,25.030594482034157,0.16910514495960771,7.2060529005295228e-06
20000000.0,165,24.875926238192594,0.16787993106047822,5.730417794880818e-06,24.890608466645649,0.16953441283603005,7.2210892174737925e-06
20000000.0,166,24.738026247438242,0.16831715289725893,5.7574871568743895e-06,24.752276312957637,0.16995927836538124,7.2362126895648338e-06
20000000.0,167,24.601745850727497,0.1687477562037662,5.784483828800651e-06,24.615568490369569,0.17037974803230566,7.2514208931680437e-06
20000000.0,168,24.46705596180208,0.16917187254797209,5.811408404220494e-06,24.480456149226733,0.17079583234103951,7.2667114732421462e-06
20000000.0,169,24.333928177785367,0.16958963708821212,5.838261466381425e-06,24.346911102492125,0.17120754566612914,7.2820821409888323e-06
20000000.0,170,24.20233476030586,0.17000118811790016,5.865043588457388e-06,24.214905807941197,0.17161490609321364,7.2975306715988489e-06
20000000.0,171,24.072248617170924,0.17040666662984574,5.891755333786193e-06,24.084413350866217,0.17201793527431247,7.3130549020874422e-06
20000000.0,172,23.943643284577153,0.17080621590032402,5.918397256104314e-06,23.95540742727712,0.17241665828235495,7.328652729219383e-06
20000000.0,173,23.81649290984366,0.17119998109294193,5.944969899778785e-06,23.827862327585848,0.17281110346917128,7.3443221075142091e-06
20000000.0,174,23.69077223465447,0.17158810888225404,5.971473800036039e-06,23.701752920761194,0.17320130233104222,7.3600610473339858e-06
20000000.0,175,23.566456578796593,0.17197074709702637,5.997909483187474e-06,23.577054638941572,0.17358728937281442,7.3758676130418164e-06
20000000.0,176,23.44352182438018,0.1723480443829348,6.024277466851632e-06,23.453743462492824,0.17396910197949986,7.3917399212371313e-06
20000000.0,177,23.321944400527332,0.1727201498844519,6.05057826017279e-06,23.331795905499042,0.17434678028780448,7.4076761390564727e-06
20000000.0,178,23.20170126851664,0.1730872129455963,6.076812364035901e-06,23.211189001673894,0.17472036706542829,7.4236744825432083e-06
20000000.0,179,23.08276990737026,0.1734493828291772,6.102980271277744e-06,23.091900290680687,0.17508990758717538,7.4397332150753436e-06
20000000.0,180,22.965128299870848,0.17380680845410976,6.129082466894184e-06,22.973907804849446,0.17545544952352007,7.4558506458589046e-06
20000000.0,181,22.848754918995805,0.17415963815034666,6.1551194282435155e-06,22.857190056279336,0.17581704282062449,7.4720251284743675e-06
20000000.0,182,22.733628714756627,0.17450801943092895,6.18109162524576e-06,22.741726024315483,0.17617473959689273,7.4882550594800852e-06
20000000.0,183,22.619729101431215,0.17485209878062746,6.2069995205779306e-06,22.627495143388956,0.17652859402811097,7.5045388770680288e-06
20000000.0,184,22.507035945177464,0.1751920214606381,6.23284356986516e-06,22.514477291209328,0.17687866224789592,7.520875059768295e-06
20000000.0,185,22.39552955201658,0.17552793132874883,6.25862422186774e-06,22.402652777299334,0.17722500224357482,7.5372621252038753e-06
20000000.0,186,22.285190656174937,0.17585997067440667,6.284341918663974e-06,22.292002331861433,0.17756767375734081,7.5536986288893972e-06
20000000.0,187,22.1760004087735,0.17618828006808535,6.309997095828901e-06,22.182507094966262,0.17790673819109842,7.5701831630751708e-06
20000000.0,188,22.067940366854213,0.17651299822435362,6.335590182608843e-06,22.074148606053463,0.17824225850955391,7.5867143556327288e-06
20000000.0,189,21.96099248273281,0.1768342618780408,6.361121602091811e-06,21.966908793735261,0.17857429915341297,7.6032908689801179e-06
20000000.0,190,21.855139093668114,0.17715220567289536,6.386591771373769e-06,21.860769965893869,0.17890292594729346,7.6199113990481606e-06
20000000.0,191,21.750362911837907,0.1774669620621365,6.4120011017207906e-06,21.7557148000636,0.17922820601426212,7.6365746742806077e-06
20000000.0,192,21.646647014611723,0.17777866122029415,6.437349998727106e-06,21.651726334089162,0.17955020769300084,7.6532794546719591e-06
20000000.0,193,21.543974835111506,0.17808743096576196,6.462638862469116e-06,21.548787957051694,0.17986900045752097,7.670024530840095e-06
20000000.0,194,21.44233015305086,0.17839339669347068,6.487868087655363e-06,21.446883400454389,0.18018465483317345,7.6868087231280962e-06
20000000.0,195,21.34169708584432,0.17869668131712144,6.513038063772539e-06,21.345996729659735,0.18049724232474793,7.7036308807401649e-06
20000000.0,196,21.242060079978017,0.17899740522042312,6.538149175227562e-06,21.246112335570778,0.18080683534019432,7.7204898809077717e-06
20000000.0,197,21.143403902633647,0.17929568621678893,6.563201801485734e-06,21.147214926548816,0.18111350711707794,7.7373846280833035e-06
20000000.0,198,21.04571363355758,0.17959163951697116,6.588196317205127e-06,21.049289520560439,0.18141733165198731,7.75431405316181e-06
20000000.0,199,20.94897465716752,0.1798853777041229,6.6131330923671266e-06,20.952321437546711,0.18171838363435175,7.7712771127291823e-06
20000000.0,200,20.853172654889143,0.18017701071579428,6.638012492403313e-06,20.856296292007926,0.18201673837555318,7.7882727883361743e-06
20000000.0,201,20.75829359771535,0.18046664583238492,6.6628348783186475e-06,20.761199985797106,0.18231247174780721,7.8053000857975796e-06
20000000.0,202,20.664323738981416,0.18075438767160867,6.6876006068110815e-06,20.667018701115985,0.18260566012239277,7.8223580345129503e-06
20000000.0,203,20.571249607348722,0.1810403381885105,6.712310030387625e-06,20.573738893707283,0.18289638030291994,7.8394456868118978e-06
20000000.0,204,20.479057999990967,0.18132459668063772,6.7369634974769525e-06,20.481347286237213,0.183184709473315,7.8565621173207019e-06
20000000.0,205,20.387735975976128,0.18160725979794842,6.7615613525386174e-06,20.389830861862421,0.1834707251361479,7.8737064223488119e-06
20000000.0,206,20.297270849838146,0.18188842155708007,6.7861039361689085e-06,20.299176857975812,0.18375450505407717,7.8908777192960197e-06
20000000.0,207,20.207650185332337,0.18216817335961194,6.8105915852034776e-06,20.209372760125628,0.18403612720354592,7.9080751460811263e-06
20000000.0,208,20.118861789368605,0.18244660401397528,6.835024632816756e-06,20.120406296102722,0.18431566971689928,7.9252978605839585e-06
20000000.0,209,20.030893706117162,0.1827237997606798,6.859403408618235e-06,20.032265430190694,0.18459321083155167,7.942545040110961e-06
20000000.0,210,19.94373421128095,0.18299984430054708,6.8837282387457185e-06,19.944938357574124,0.18486882884198441,7.9598158808750448e-06
20000000.0,211,19.85737180652982,0.1832748188256528,6.907999445955574e-06,19.858429892259835,0.18514262846208945,7.9771106818100832e-06
20000000.0,212,19.7717952140913,0.18354880205270246,6.932217349710062e-06,19.772687537568892,0.18541462166726447,7.9944259536314365e-06
20000000.0,213,19.686993371492978,0.18382187025857802,6.956382266261853e-06,19.6877279258158,0.18568493142378606,8.0117627854823896e-06
20000000.0,214,19.6029554264519,0.18409409731780457,6.980494508735723e-06,19.603539926809319,0.18595363545587235,8.0291204304781041e-06
20000000.0,215,19.519670731906295,0.18436555474171346,7.004554387207595e-06,19.520112625717797,0.1862208113376187,8.0464981590381704e-06
20000000.0,216,19.437128841185228,0.18463631171907519,7.028562208780897e-06,19.437435317816067,0.1864865364474739,8.0638952584190411e-06
20000000.0,217,19.3553195033119,0.18490643515800637,7.0525182776603926e-06,19.355497503386331,0.1867508879334164,8.0813110322600461e-06
20000000.0,218,19.274232658436432,0.18517598972895954,7.0764228952234755e-06,19.274288882767788,0.18701394266815533,8.0987448001434357e-06
20000000.0,219,19.193858433394134,0.18544503790861552,7.100276360089059e-06,19.193799351549899,0.18727577721514721,8.1161958971719733e-06
20000000.0,220,19.114187137385446,0.18571364002451757,7.124078968184088e-06,19.113983840565286,0.18753641172459815,8.133661380228487e-06
20000000.0,221,19.035209257773644,0.18598185430029487,7.147831012807743e-06,19.034890254455874,0.18779601401956861,8.1511443785496232e-06
20000000.0,222,18.95691545599689,0.18624973690132893,7.171532784693415e-06,18.956484974625184,0.18805462108948071,8.168642699106273e-06
20000000.0,223,18.879296563590945,0.18651734198073788,7.195184572068507e-06,18.878758752914226,0.1883123080951716,8.186155743380121e-06
20000000.0,224,18.8023435783193,0.1867847217255557,7.218786660712129e-06,18.801702507943677,0.18856914970115476,8.203682925976455e-06
20000000.0,225,18.726047660407353,0.18705192640299279,7.242339334010736e-06,18.725307321394219,0.18882522004842106,8.2212236742981516e-06
20000000.0,226,18.6504001288775,0.18731900440668037,7.265842873011778e-06,18.649564434384068,0.18908059271990202,8.2387774282317504e-06
20000000.0,227,18.575392457982073,0.187586002302799,7.289297556475436e-06,18.574465243940772,0.18933534071532857,8.2563436398385292e-06
20000000.0,228,18.501016273731246,0.18785296487601408,7.31270366092447e-06,18.500001299564644,0.1895895364240244,8.2739217730590744e-06
20000000.0,229,18.427263350512806,0.1881199351751314,7.336061460692272e-06,18.426164299881023,0.18984325159585436,8.2915113034226535e-06
20000000.0,230,18.35412560780135,0.1883869545584102,7.3593712279691464e-06,18.352946089378804,0.19009655731299274,8.3091117177666341e-06
20000000.0,231,18.281595106953965,0.18865406273846372,7.38263323284691e-06,18.280338655232864,0.1903495239730221,8.3267225139654719e-06
20000000.0,232,18.2096640480899,0.1889212978266928,7.405847743361823e-06,18.208334124207695,0.19060222125797469,8.3443432006643465e-06
20000000.0,233,18.138324767051774,0.18918869637720234,7.429015025535951e-06,18.136924759640156,0.1908547181106845,8.3619732970220709e-06
20000000.0,234,18.06756973244578,0.18945629343014844,7.452135343416964e-06,18.066102958498867,0.1911070827179045,8.3796123324610346e-06
20000000.0,235,17.99739154275863,0.18972412255448481,7.47520895911646e-06,17.995861248518214,0.19135938248290241,8.3972598464255446e-06
20000000.0,236,17.92778292354898,0.18999221589006088,7.498236132846839e-06,17.926192285404607,0.19161168400694256,8.4149153881438787e-06
20000000.0,237,17.858736724711,0.19026060418905336,7.521217122956778e-06,17.857088850113172,0.19186405307092252,8.4325785163997461e-06
20000000.0,238,17.790245917808207,0.190529316856691,7.544152185965395e-06,17.788543846192681,0.19211655461417618,8.4502487993077843e-06
20000000.0,239,17.722303593475267,0.19079838199125804,7.567041576595052e-06,17.720550297196837,0.19236925271259797,8.4679258140986909e-06
20000000.0,240,17.65490295888592,0.19106782642335252,7.589885547802966e-06,17.653101344160099,0.19262221056603157,8.4856091469065485e-06
20000000.0,241,17.588037335285073,0.1913376757543861,7.612684350811562e-06,17.586190243136098,0.19287549047840521,8.5032983925626049e-06
20000000.0,242,17.521700155583172,0.1916079543943057,7.635438235137688e-06,17.51981036279696,0.19312915384283186,8.5209931543977817e-06
20000000.0,243,17.455884962011087,0.19187868559853583,7.658147448620694e-06,17.453955182091882,0.19338326112047011,8.5386930440465087e-06
20000000.0,244,17.390585403833725,0.19214989150412465,7.680812237449402e-06,17.388618287963098,0.19363787183357908,8.5563976812586503e-06
20000000.0,245,17.32579523512073,0.19242159316509194,7.703432846188073e-06,17.323793373117873,0.19389304454323197,8.5741066937148249e-06
20000000.0,246,17.261508312572595,0.19269381058698226,7.726009517801327e-06,17.259474233854782,0.19414883683612738,8.5918197168467056e-06
20000000.0,247,17.197718593400637,0.19296656276060617,7.74854249367811e-06,17.195654767942859,0.19440530531782424,8.6095363936649146e-06
20000000.0,248,17.134420133259262,0.19323986769498713,7.771032013654715e-06,17.132328972552155,0.19466250558877679,8.6272563745858206e-06
20000000.0,249,17.071607084229072,0.19351374244950484,7.793478316036914e-06,17.0694909422342,0.19492049224403857,8.6449793172694315e-06
20000000.0,250,17.00927369284936,0.1937882031652452,7.815881637621216e-06,17.007134866951077,0.19517931884930811,8.6627048864558327e-06
20000000.0,251,16.9474142981986,0.1940632650955587,7.838242213715285e-06,16.945255030151802,0.19543903793907394,8.6804327538107999e-06
20000000.0,252,16.886023330021604,0.19433894263583312,7.860560278157584e-06,16.883845806894556,0.19569970100073067,8.6981625977709378e-06
20000000.0,253,16.825095306902014,0.19461524935249236,7.882836063336208e-06,16.82290166201371,0.19596135846416138,8.7158941033963438e-06
20000000.0,254,16.76462483447884,0.1948921980112266,7.905069800207013e-06,16.762417148330336,0.19622405969467943,8.7336269622237529e-06
20000000.0,255,16.70460660370595,0.19516980060446015,7.927261718311017e-06,16.702386904904948,0.19648785298176782,8.7513608721291693e-06
20000000.0,256,16.645035389153104,0.1954480683780763,7.949412045791135e-06,16.642805655331532,0.19675278552759173,8.7690955371848224e-06
20000000.0,257,16.58590604734759,0.19572701185740085,7.971521009408216e-06,16.583668206071522,0.19701890344514431,8.7868306675293446e-06
20000000.0,258,16.52721351515524,0.19600664087246047,7.993588834556528e-06,16.524969444826841,0.19728625174203515,8.8045659792350575e-06
20000000.0,259,16.46895280829687,0.19628696458267852,8.015615745278558e-06,16.466704338950805,0.19755487431899563,8.8223011941815235e-06
20000000.0,260,16.41111901941186,0.19656799150010562,8.037601964279297e-06,16.40886793389604,0.19782481395896639,8.8400360399299262e-06
20000000.0,261,16.35370731714757,0.1968497295135026,8.059547712939944e-06,16.351455351698224,0.19809611232188754,8.8577702496024218e-06
20000000.0,262,16.296712944284945,0.1971321859101934,8.081453211331077e-06,16.294461789494953,0.19836880993777029,8.8755035617646307e-06
20000000.0,263,16.24013121640286,0.1974153673980387,8.103318678225346e-06,16.23788251807855,0.1986429462000372,8.8932357203099224e-06
20000000.0,264,16.183957520473964,0.19769928012660415,8.125144331109633e-06,16.181712880482106,0.19891855936146,8.910966474346052e-06
20000000.0,265,16.128187313492973,0.19798392970769363,8.146930386196805e-06,16.125948290597794,0.19919568652578704,8.9286955780874651e-06
20000000.0,266,16.07281612113671,0.1982693212352644,8.168677058436978e-06,16.070584231826636,0.19947436364543117,8.9464227907462457e-06
20000000.0,267,16.017839536454794,0.19855545930472804,8.190384561528368e-06,16.015616255758871,0.19975462551413276,8.9641478764288408e-06
20000000.0,268,15.963253218590367,0.19884234803166842,8.212053107927768e-06,15.961039980884177,0.20003650576602172,8.9818706040341947e-06
20000000.0,269,15.90905289152999,0.19912999106997362,8.233682908860589e-06,15.906851091330942,0.2003200368678312,8.9995907471538752e-06
20000000.0,270,15.855234342881898,0.19941839162940517,8.255274174330564e-06,15.853045335633817,0.200605250117081,9.0173080839751524e-06
20000000.0,271,15.801793422681904,0.19970755249261868,8.276827113129101e-06,15.79961852552886,0.20089217563909384,9.0350223971862961e-06
20000000.0,272,15.7487260422263,0.19999747603164428,8.298341932844288e-06,15.746566534775527,0.20118084238082595,9.0527334738847652e-06
20000000.0,273,15.696028172930877,0.2002881642238461,8.319818839869571e-06,15.69388529800484,0.20147127811313451,9.0704411054856675e-06
20000000.0,274,15.643695845215548,0.20057961866736854,8.34125803941217e-06,15.641570809593077,0.2017635094215004,9.088145087634022e-06
20000000.0,275,15.591725147413849,0.20087184059609345,8.362659735501139e-06,15.589619122560274,0.2020575617091068,9.1058452201198309e-06
20000000.0,276,15.540112224706615,0.201164830894105,8.384024130995221e-06,15.538026347493007,0.20235345919405484,9.1235413067927065e-06
20000000.0,277,15.488853278079317,0.20145859010969203,8.405351427590394e-06,15.48678865149072,0.20265122490341442,9.1412331554795908e-06
20000000.0,278,15.437944563302358,0.20175311846888977,8.426641825827168e-06,15.435902257135124,0.20295088067473865,9.1589205779060289e-06
20000000.0,279,15.387382389933839,0.20204841588857797,8.447895525097686e-06,15.385363441481987,0.20325244715708335,9.1766033896163442e-06
20000000.0,280,15.337163120344064,0.2023444819891489,8.469112723652566e-06,15.335168535074832,0.20355594380487843,9.1942814098976178e-06
20000000.0,281,15.287283168761416,0.20264131610675176,8.490293618607535e-06,15.285313920979943,0.20386138887840718,9.2119544617054471e-06
20000000.0,282,15.237739000338939,0.2029389173051342,8.511438405949866e-06,15.235796033842135,0.20416879944569091,9.2296223715905205e-06
20000000.0,283,15.188527130241145,0.20323728438708596,8.532547280544641e-06,15.186611358960874,0.20447819137980866,9.2472849696258027e-06
20000000.0,284,15.139644122750509,0.20353641590549756,8.553620436140807e-06,15.137756431386098,0.20478957936017853,9.2649420893391364e-06
20000000.0,285,15.091086590393225,0.20383631017404782,8.574658065377077e-06,15.08922783503337,0.20510297686785084,9.2825935676440668e-06
20000000.0,286,15.042851193083639,0.20413696527752956,8.595660359787667e-06,15.041022201817814,0.20541839619129795,9.3002392447723399e-06
20000000.0,287,14.994934637287,0.2044383790818222,8.616627509807886e-06,14.993136210806446,0.20573584842635545,9.3178789642096666e-06
20000000.0,288,14.947333675199992,0.20474054924352797,8.637559704779576e-06,14.945566587388342,0.20605534347230584,9.3355125726316165e-06
20000000.0,289,14.900045103948642,0.20504347321927435,8.658457132956423e-06,14.898310102462329,0.20637689003407736,9.3531399198412468e-06
20000000.0,290,14.8530657648032,0.2053471482746996,8.679319981509142e-06,14.851363571641675,0.2067004956288816,9.3707608587090718e-06
20000000.0,291,14.806392542409494,0.20565157149312596,8.700148436530531e-06,14.804723854475439,0.20702616657631354,9.3883752451115107e-06
20000000.0,292,14.76002236403647,0.20595673978393578,8.720942683040441e-06,14.758387853686036,0.20735390800894657,9.4059829378749915e-06
20000000.0,293,14.7139521988394,0.2062626498906528,8.741702904990611e-06,14.712352514422612,0.20768372387141859,9.4235837987166625e-06
20000000.0,294,14.668179057138483,0.20656929839874283,8.762429285269413e-06,14.666614823529915,0.20801561691789969,9.4411776921911765e-06
20000000.0,295,14.622699989712386,0.20687668174314602,8.783122005706536e-06,14.621171808832235,0.20834958871945114,9.4587644856334974e-06
20000000.0,296,14.577512087106411,0.2071847962155354,8.803781247077539e-06,14.576020538432044,0.20868563966098166,9.4763440491076446e-06
20000000.0,297,14.53261247895494,0.20749363797133014,8.824407189108351e-06,14.53115812002306,0.20902376894553576,9.4939162553524691e-06
20000000.0,298,14.487998333317734,0.20780320303645258,8.845000010479692e-06,14.486581700217297,0.20936397459599423,9.5114809797334594e-06
20000000.0,299,14.4436668560299,0.20811348731385193,8.86555988883143e-06,14.442288463885863,0.20970625345648777,9.5290381001894121e-06
20000000.0,300,14.399615290065055,0.20842448658979018,8.886087000766865e-06,14.398275633513084,0.21005060119673569,9.5465874971865328e-06
